﻿<?xml version="1.0" encoding="utf-8"?>
<TextureAtlas imagePath="SpaceRock.png">
	<!-- Created with Adobe Flash Professional version 14.0.0.57 -->
	<!-- http://www.adobe.com/products/flash.html -->
	<SubTexture name="SpaceRock0000" x="0" y="0" width="172" height="172" pivotX="86.35" pivotY="86.4" frameX="-2" frameY="-2" frameWidth="176" frameHeight="176"/>
	<SubTexture name="SpaceRock0001" x="172" y="0" width="172" height="172" frameX="-2" frameY="-1" frameWidth="176" frameHeight="176"/>
	<SubTexture name="SpaceRock0002" x="344" y="0" width="173" height="172" frameX="0" frameY="-1" frameWidth="176" frameHeight="176"/>
	<SubTexture name="SpaceRock0003" x="517" y="0" width="172" height="173" frameX="-1" frameY="-2" frameWidth="176" frameHeight="176"/>
	<SubTexture name="SpaceRock0004" x="689" y="0" width="172" height="172" frameX="-2" frameY="-2" frameWidth="176" frameHeight="176"/>
	<SubTexture name="SpaceRock0005" x="0" y="173" width="173" height="172" frameX="0" frameY="-2" frameWidth="176" frameHeight="176"/>
	<SubTexture name="SpaceRock0006" x="173" y="173" width="172" height="172" frameX="-1" frameY="-4" frameWidth="176" frameHeight="176"/>
	<SubTexture name="SpaceRock0007" x="345" y="173" width="173" height="171" frameX="-2" frameY="-3" frameWidth="176" frameHeight="176"/>
	<SubTexture name="SpaceRock0008" x="518" y="173" width="172" height="172" frameX="-1" frameY="-2" frameWidth="176" frameHeight="176"/>
	<SubTexture name="SpaceRock0009" x="690" y="173" width="172" height="173" frameX="-3" frameY="-3" frameWidth="176" frameHeight="176"/>
	<SubTexture name="SpaceRock0010" x="0" y="346" width="172" height="172" frameX="-4" frameY="-2" frameWidth="176" frameHeight="176"/>
	<SubTexture name="SpaceRock0011" x="172" y="346" width="172" height="173" frameX="-2" frameY="-1" frameWidth="176" frameHeight="176"/>
	<SubTexture name="SpaceRock0012" x="344" y="346" width="172" height="172" frameX="-3" frameY="-3" frameWidth="176" frameHeight="176"/>
	<SubTexture name="SpaceRock0013" x="516" y="346" width="173" height="172" frameX="-3" frameY="-1" frameWidth="176" frameHeight="176"/>
	<SubTexture name="SpaceRock0014" x="689" y="346" width="173" height="173" frameX="-1" frameY="0" frameWidth="176" frameHeight="176"/>
	<SubTexture name="SpaceRock0015" x="0" y="519" width="172" height="172" frameX="-2" frameY="-2" frameWidth="176" frameHeight="176"/>
	<SubTexture name="SpaceRock0016" x="172" y="519" width="172" height="172" frameX="-2" frameY="-1" frameWidth="176" frameHeight="176"/>
	<SubTexture name="SpaceRock0017" x="344" y="519" width="173" height="172" frameX="0" frameY="-1" frameWidth="176" frameHeight="176"/>
	<SubTexture name="SpaceRock0018" x="517" y="519" width="172" height="173" frameX="-1" frameY="-2" frameWidth="176" frameHeight="176"/>
	<SubTexture name="SpaceRock0019" x="689" y="519" width="172" height="172" frameX="-2" frameY="-2" frameWidth="176" frameHeight="176"/>
	<SubTexture name="SpaceRock0020" x="0" y="692" width="173" height="172" frameX="0" frameY="-2" frameWidth="176" frameHeight="176"/>
	<SubTexture name="SpaceRock0021" x="173" y="692" width="172" height="172" frameX="-1" frameY="-4" frameWidth="176" frameHeight="176"/>
	<SubTexture name="SpaceRock0022" x="345" y="692" width="173" height="172" frameX="-2" frameY="-3" frameWidth="176" frameHeight="176"/>
	<SubTexture name="SpaceRock0023" x="518" y="692" width="171" height="172" frameX="-2" frameY="-2" frameWidth="176" frameHeight="176"/>
	<SubTexture name="SpaceRock0024" x="689" y="692" width="172" height="173" frameX="-3" frameY="-3" frameWidth="176" frameHeight="176"/>
	<SubTexture name="SpaceRock0025" x="0" y="865" width="172" height="172" frameX="-4" frameY="-2" frameWidth="176" frameHeight="176"/>
	<SubTexture name="SpaceRock0026" x="172" y="865" width="172" height="173" frameX="-2" frameY="-1" frameWidth="176" frameHeight="176"/>
	<SubTexture name="SpaceRock0027" x="344" y="865" width="172" height="171" frameX="-3" frameY="-3" frameWidth="176" frameHeight="176"/>
	<SubTexture name="SpaceRock0028" x="516" y="865" width="173" height="172" frameX="-3" frameY="-1" frameWidth="176" frameHeight="176"/>
	<SubTexture name="SpaceRock0029" x="689" y="865" width="172" height="172" frameX="-2" frameY="0" frameWidth="176" frameHeight="176"/>
	<SubTexture name="SpaceRock0030" x="0" y="1038" width="172" height="172" frameX="-2" frameY="-2" frameWidth="176" frameHeight="176"/>
	<SubTexture name="SpaceRock0031" x="172" y="1038" width="172" height="172" frameX="-2" frameY="-1" frameWidth="176" frameHeight="176"/>
	<SubTexture name="SpaceRock0032" x="344" y="1038" width="173" height="172" frameX="0" frameY="-1" frameWidth="176" frameHeight="176"/>
	<SubTexture name="SpaceRock0033" x="517" y="1038" width="172" height="173" frameX="-1" frameY="-2" frameWidth="176" frameHeight="176"/>
	<SubTexture name="SpaceRock0034" x="689" y="1038" width="172" height="172" frameX="-2" frameY="-2" frameWidth="176" frameHeight="176"/>
	<SubTexture name="SpaceRock0035" x="0" y="1211" width="173" height="172" frameX="0" frameY="-2" frameWidth="176" frameHeight="176"/>
	<SubTexture name="SpaceRock0036" x="173" y="1211" width="172" height="173" frameX="-1" frameY="-3" frameWidth="176" frameHeight="176"/>
	<SubTexture name="SpaceRock0037" x="345" y="1211" width="173" height="172" frameX="-2" frameY="-3" frameWidth="176" frameHeight="176"/>
	<SubTexture name="SpaceRock0038" x="518" y="1211" width="171" height="172" frameX="-2" frameY="-2" frameWidth="176" frameHeight="176"/>
	<SubTexture name="SpaceRock0039" x="689" y="1211" width="172" height="173" frameX="-2" frameY="-3" frameWidth="176" frameHeight="176"/>
	<SubTexture name="SpaceRock0040" x="0" y="1384" width="172" height="172" frameX="-4" frameY="-2" frameWidth="176" frameHeight="176"/>
	<SubTexture name="SpaceRock0041" x="172" y="1384" width="172" height="173" frameX="-2" frameY="-1" frameWidth="176" frameHeight="176"/>
	<SubTexture name="SpaceRock0042" x="344" y="1384" width="172" height="171" frameX="-2" frameY="-3" frameWidth="176" frameHeight="176"/>
	<SubTexture name="SpaceRock0043" x="516" y="1384" width="173" height="172" frameX="-3" frameY="-1" frameWidth="176" frameHeight="176"/>
	<SubTexture name="SpaceRock0044" x="689" y="1384" width="172" height="172" frameX="-2" frameY="0" frameWidth="176" frameHeight="176"/>
	<SubTexture name="SpaceRock0045" x="0" y="1557" width="173" height="172" frameX="-1" frameY="-2" frameWidth="176" frameHeight="176"/>
	<SubTexture name="SpaceRock0046" x="173" y="1557" width="171" height="172" frameX="-3" frameY="-1" frameWidth="176" frameHeight="176"/>
	<SubTexture name="SpaceRock0047" x="344" y="1557" width="172" height="173" frameX="-1" frameY="0" frameWidth="176" frameHeight="176"/>
	<SubTexture name="SpaceRock0048" x="516" y="1557" width="173" height="173" frameX="0" frameY="-2" frameWidth="176" frameHeight="176"/>
	<SubTexture name="SpaceRock0049" x="689" y="1557" width="172" height="172" frameX="-2" frameY="-2" frameWidth="176" frameHeight="176"/>
</TextureAtlas>
